,favorite_count,id,retweet_count
0,38737,892420643555336193,8573
1,33193,892177421306343426,6301
2,24997,891815181378084864,4185
3,42137,891689557279858688,8700
4,40278,891327558926688256,9461
5,20191,891087950875897856,3135
6,11834,890971913173991426,2087
7,65430,890729181411237888,19010
8,27751,890609185150312448,4289
9,31903,890240255349198849,7458
10,30616,890006608113172480,7378
11,27751,889880896479866881,5000
12,48062,889665388333682689,10118
13,27136,889638837579907072,4572
14,15078,889531135344209921,2248
15,25273,889278841981685760,5462
16,29041,888917238123831296,4523
17,25561,888804989199671297,4371
18,19873,888554962724278272,3603
19,21725,888078434458587136,3512
20,30144,887705289381826560,5423
21,46179,887517139158093824,11733
22,69034,887473957103951883,18342
23,33650,887343217045368832,10468
24,30496,887101392804085760,5993
25,35096,886983233522544640,7820
26,12051,886736880519319552,3312
27,22394,886680336477933568,4496
28,21162,886366144734445568,3216
29,116,886267009285017600,4
30,27944,886258384151887873,6326
31,0,886054160059072513,104
32,32673,885984800019947520,6848
33,35948,885528943205470208,6474
34,20401,885518971528720385,3779
35,0,885311592912609280,18676
36,21918,885167619883638784,4409
37,77470,884925521741709313,18559
38,27906,884876753390489601,5822
39,24272,884562892145688576,4898
40,26952,884441805382717440,5682
41,72945,884247878851493888,20569
42,20344,884162670584377345,3004
43,21872,883838122936631299,3468
44,45909,883482846933004288,10026
45,22537,883360690899218434,3705
46,37179,883117836046086144,6716
47,23927,882992080364220416,3949
48,28271,882762694511734784,4951
49,27872,882627270321602560,6138
50,44937,882268110199369728,11689
51,29323,882045870035918850,5017
52,24263,881906580714921986,3417
53,50517,881666595344535552,10754
54,128,881633300179243008,7
55,49404,881536004380872706,16096
56,23047,881268444196462592,5193
57,16987,880935762899988482,2795
58,21288,880872448815771648,3848
59,28502,880465832366813184,6335
60,27052,880221127280381952,4266
61,27600,880095782870896641,4390
62,22278,879862464715927552,3520
63,311,879674319642796034,10
64,23388,879492040517615616,3207
65,105834,879415818425184262,44580
66,16760,879376492567855104,3142
67,0,879130579576475649,6902
68,22576,879050749262655488,4753
69,18950,879008229531029506,2717
70,19381,878776093423087618,4168
71,30259,878604707211726852,7298
72,0,878404777348136964,1308
73,0,878316110768087041,6708
74,7749,878281511006478336,1308
75,42020,878057613040115712,6902
76,79914,877736472329191424,19335
77,0,877611172832227328,81
78,22740,877556246731214848,3858
79,27349,877316821321428993,5223
80,27130,877201837425926144,5649
81,20657,876838120628539392,3392
82,23451,876537666061221889,4654
83,18761,876484053909872640,2427
84,27917,876120275196170240,4738
85,25208,875747767867523072,4347
86,21923,875144289856114688,4981
87,27431,875097192612077568,6106
88,25506,875021211251597312,4769
89,27876,874680097055178752,4699
90,0,874434818259525634,14931
91,26093,874296783580663808,4164
92,22679,874057562936811520,4000
93,34736,874012996292530176,10596
94,24297,873580283840344065,3997
95,0,873337748698140672,1607
96,7268,873213775632977920,1607
97,27444,872967104147763200,5476
98,14755,872820683541237760,3739
99,0,872668790621863937,28
100,20837,872620804844003328,3762
101,40830,872486979161796608,9132
102,34359,872261713294495745,6428
103,34598,872122724285648897,8246
104,38225,871879754684805121,11397
105,20341,871762521631449091,3529
106,20311,871515927908634625,3511
107,0,871166179821445120,5791
108,21036,871102520638267392,5590
109,22786,871032628920680449,3872
110,33839,870804317367881728,6338
111,120,870726314365509632,3
112,12512,870656317836468226,2701
113,83274,870374049280663552,26759
114,21968,870308999962521604,4238
115,36976,870063196459192321,8531
116,42778,869772420881756160,10273
117,28501,869702957897576449,6469
118,16128,869596645499047938,3206
119,20633,869227993411051520,3882
120,66328,868880397819494401,14881
121,0,868639477480148993,2155
122,27530,868622495443632128,5920
123,10276,868552278524837888,2155
124,24458,867900495410671616,4288
125,34419,867774946302451713,7531
126,16355,867421006826221569,2589
127,0,867072653475098625,131
128,32720,867051520902168576,8109
129,20395,866720684873056260,4981
130,19621,866686824827068416,3601
131,124226,866450705531457537,36356
132,53462,866334964761202691,14931
133,0,866094527597207552,8657
134,26031,865718153858494464,5781
135,26928,865359393868664832,5166
136,28486,865006731092295680,7932
137,32908,864873206498414592,9026
138,14894,864279568663928832,3155
139,30751,864197398364647424,9278
140,21014,863907417377173506,4289
141,15581,863553081350529029,4330
142,0,863471782782697472,2568
143,24272,863432100342583297,5474
144,2307,863427515083354112,101
145,8940,863079547188785154,1143
146,8711,863062471531167744,2568
147,19584,862831371563274240,5275
148,17442,862722525377298433,3674
149,20990,862457590147678208,5155
150,76295,862096992088072192,24237
151,36868,861383897657036800,11131
152,17590,861288531465048066,4340
153,17118,861005113778896900,3972
154,0,860981674716409858,2253
155,0,860924035999428608,852
156,7677,860563773140209665,2253
157,24180,860524505164394496,5502
158,18754,860276583193509888,3629
159,17094,860184849394610176,6095
160,0,860177593139703809,32282
161,20012,859924526012018688,4286
162,15779,859851578198683649,3659
163,19055,859607811541651456,1645
164,92401,859196978902773760,31658
165,34789,859074603037188101,14234
166,0,858860390427611136,8510
167,15954,858843525470990336,3637
168,22099,858471635011153920,5075
169,16168,858107933456039936,3053
170,16563,857989990357356544,2710
171,35242,857746408056729600,11134
172,6099,857393404942143489,1716
173,20595,857263160327368704,4752
174,236,857214891891077121,20
175,0,857062103051644929,178
176,19483,857029823797047296,4210
177,0,856602993587888130,11257
178,16779,856543823941562368,3033
179,12190,856526610513747968,1982
180,0,856330835276025856,713
181,533,856288084350160898,17
182,28543,856282028240666624,6661
183,360,855862651834028034,28
184,5141,855860136149123072,1095
185,12214,855857698524602368,2238
186,46908,855851453814013952,18673
187,27478,855818117272018944,5759
188,30971,855459453768019968,8709
189,0,855245323840757760,6329
190,0,855138241867124737,49
191,23667,854732716440526848,6480
192,30416,854482394044301312,7318
193,19605,854365224396361728,4984
194,33185,854120357044912130,7975
195,16804,854010172552949760,3346
196,29742,853760880890318849,6173
197,36337,853639147608842240,10829
198,16172,853299958564483072,3804
199,0,852936405516943360,2164
200,9430,852912242202992640,1969
201,15573,852672615818899456,2301
202,17096,852553447878664193,3759
203,34619,852311364735569921,10596
204,20905,852226086759018497,7310
205,11963,852189679701164033,1693
206,0,851953902622658560,10342
207,0,851861385021730816,23
208,16948,851591660324737024,3716
209,25395,851464819735769094,7593
210,21654,851224888060895234,6155
211,32533,850753642995093505,9995
212,13688,850380195714523136,2803
213,3583,850333567704068097,357
214,17129,850145622816686080,4113
215,21470,850019790995546112,5279
216,31993,849776966551130114,8200
217,0,849668094696017920,5352
218,16670,849412302885593088,3383
219,12019,849336543269576704,2042
220,44628,849051919805034497,9203
221,26519,848690551926992896,4665
222,26048,848324959059550208,4969
223,8610,848213670039564288,808
224,17215,848212111729840128,3334
225,0,847978865427394560,3521
226,0,847971574464610304,465
227,24744,847962785489326080,5539
228,5789,847842811428974592,1459
229,7387,847617282490613760,454
230,19765,847606175596138505,3664
231,21538,847251039262605312,4641
232,21090,847157206088847362,6341
233,22600,847116187444137987,3454
234,21197,846874817362120707,4255
235,47219,846514051647705089,12587
236,14960,846505985330044928,3360
237,33533,846153765933735936,9830
238,32597,846139713627017216,10672
239,16909,846042936437604353,3128
240,30987,845812042753855489,9492
241,26559,845677943972139009,5195
242,8066,845397057150107648,1980
243,24676,845306882940190720,5859
244,0,845098359547420673,8345
245,14437,844979544864018432,2817
246,16018,844973813909606400,3497
247,41039,844704788403113984,11257
248,17445,844580511645339650,3414
249,14429,844223788422217728,2388
250,16013,843981021012017153,3178
251,22683,843856843873095681,5031
252,17893,843604394117681152,2986
253,22782,843235543001513987,6601
254,16126,842846295480000512,3906
255,7159,842765311967449089,1393
256,19197,842535590457499648,3815
257,25999,842163532590374912,6329
258,14877,842115215311396866,3294
259,0,841833993020538882,16816
260,27228,841680585030541313,8457
261,13428,841439858740625411,4017
262,20986,841320156043304961,5923
263,16890,841314665196081154,5141
264,24359,841077006473256960,5791
265,0,840761248237133825,1921
266,0,840728873075638272,17746
267,192,840698636975636481,3
268,13089,840696689258311684,1079
269,9550,840632337062862849,1921
270,17522,840370681858686976,4994
271,20502,840268004936019968,6272
272,14296,839990271299457024,2521
273,29306,839549326359670784,8510
274,0,839290600511926273,155
275,28987,839239871831150596,7182
276,20903,838952994649550848,4367
277,11910,838921590096166913,2277
278,0,838916489579200512,37
279,0,838831947270979586,12162
280,11622,838561493054533637,1457
281,24120,838476387338051585,5291
282,0,838201503651401729,11104
283,1789,838150277551247360,358
284,148,838085839343206401,0
285,18797,838083903487373313,3459
286,36476,837820167694528512,8657
287,4099,837482249356513284,486
288,13663,837471256429613056,2541
289,22569,837366284874571778,5817
290,17097,837110210464448512,2636
291,13605,836989968035819520,2521
292,20531,836753516572119041,5072
293,13465,836677758902222849,2443
294,0,836648853927522308,607
295,0,836397794269200385,30348
296,15724,836380477523124226,3236
297,22691,836260088725786625,4710
298,20423,836001077879255040,4734
299,0,835685285446955009,9012
300,19023,835574547218894849,3991
301,0,835536468978302976,1873
302,0,835309094223372289,23176
303,17517,835297930240217089,3291
304,8303,835264098648616962,1873
305,2231,835246439529840640,80
306,27941,835172783151792128,6331
307,24037,835152434251116546,3335
308,11589,834931633769889797,1819
309,22573,834786237630337024,6014
310,14673,834574053763584002,2794
311,0,834477809192075265,11763
312,10273,834458053273591808,1846
313,22056,834209720923721728,5290
314,16851,834167344700198914,4003
315,10752,834089966724603904,2350
316,13969,834086379323871233,2441
317,14357,833863086058651648,2656
318,16410,833826103416520705,3791
319,0,833732339549220864,241
320,22121,833722901757046785,3531
321,15929,833479644947025920,2282
322,21637,833124694597443584,5352
323,14261,832998151111966721,2450
324,0,832769181346996225,42
325,18018,832757312314028032,3999
326,12727,832682457690300417,3249
327,3128,832645525019123713,575
328,17000,832636094638288896,3088
329,12816,832397543355072512,2465
330,18390,832369877331693569,3521
331,12116,832273440279240704,2580
332,0,832215909146226688,6836
333,0,832215726631055365,10364
334,72,832088576586297345,2
335,0,832040443403784192,10765
336,19168,832032802820481025,5162
337,25750,831939777352105988,6797
338,365,831926988323639298,36
339,29656,831911600680497154,7224
340,11200,831670449226514432,2006
341,7718,831650051525054464,2164
342,9674,831552930092285952,2549
343,9847,831322785565769729,1687
344,6979,831315979191906304,1231
345,12560,831309418084069378,2698
346,12787,831262627380748289,2272
347,8565,830956169170665475,1666
348,71852,830583320585068544,18676
349,0,830173239259324417,6324
350,10560,830097400375152640,3344
351,0,829878982036299777,5566
352,13162,829861396166877184,2177
353,34103,829501995190984704,11763
354,11256,829449946868879360,2255
355,37253,829374341691346946,10342
356,26357,829141528400556032,8229
357,56970,829011960981237760,18013
358,0,828801551087042563,3775
359,27484,828770345708580865,6519
360,39360,828708714936930305,12452
361,10234,828650029636317184,1491
362,6755,828409743546925057,1273
363,8216,828408677031882754,1420
364,13577,828381636999917570,2465
365,7951,828376505180889089,1182
366,13475,828372645993398273,3248
367,2360,828361771580813312,190
368,12656,828046555563323392,3175
369,11142,828011680017821696,2378
370,21680,827933404142436356,5802
371,16630,827653905312006145,3335
372,7989,827600520311402496,1050
373,17109,827324948884643840,3400
374,11400,827199976799354881,2494
375,23277,826958653328592898,5566
376,39354,826848821049180160,11418
377,0,826615380357632002,4376
378,5515,826598799820865537,283
379,10844,826598365270007810,2611
380,19840,826476773533745153,4669
381,14287,826240494070030336,2883
382,5254,826204788643753985,1044
383,16909,826115272272650244,3481
384,11276,825876512159186944,2079
385,13727,825829644528148480,2767
386,56115,825535076884762624,19149
387,19743,825147591692263424,5096
388,0,825120256414846976,1434
389,6866,825026590719483904,1434
390,0,824796380199809024,6111
391,16162,824775126675836928,3931
392,10871,824663926340194305,1936
393,12714,824325613288833024,11565
394,16231,824297048279236611,4304
395,5160,824025158776213504,661
396,11502,823939628516474880,3022
397,0,823719002937630720,12556
398,13574,823699002998870016,2696
399,14078,823581115634085888,2951
400,755,823333489516937216,29
401,17006,823322678127919110,4496
402,0,823269594223824897,11003
403,18708,822975315408461824,3836
404,143157,822872901745569793,49034
405,14269,822859134160621569,2547
406,0,822647212903690241,7147
407,15962,822610361945911296,3304
408,19621,822489057087389700,7147
409,30931,822462944365645825,16489
410,37930,822244816520155136,11003
411,0,822163064745328640,5383
412,12299,821886076407029760,2619
413,0,821813639212650496,3734
414,9124,821765923262631936,1857
415,8678,821522889702862852,1970
416,0,821421320206483457,6244
417,12764,821407182352777218,4872
418,276,821153421864615936,10
419,9461,821149554670182400,2250
420,10401,821107785811234820,2382
421,13682,821044531881721856,2557
422,0,820837357901512704,7482
423,34212,820749716845686786,11104
424,13217,820690176645140481,3606
425,0,820494788566847489,633
426,0,820446719150292993,2887
427,3614,820314633777061888,633
428,21436,820078625395449857,7024
429,0,820013781606658049,1324
430,5769,819952236453363712,1324
431,13944,819924195358416896,5417
432,14579,819711362133872643,3506
433,10363,819588359383371776,2201
434,7824,819347104292290561,1344
435,2485,819238181065359361,453
436,25045,819227688460238848,7482
437,0,819015337530290176,40964
438,0,819015331746349057,21135
439,48878,819006400881917954,21135
440,93568,819004803107983360,40964
441,0,818646164899774465,23338
442,24066,818627210458333184,8333
443,10698,818614493328580609,2888
444,0,818588835076603904,6893
445,11852,818536468981415936,2776
446,0,818307523543449600,9094
447,11947,818259473185828864,2552
448,13342,818145370475810820,2907
449,5245,817908911860748288,884
450,56308,817827839487737858,30349
451,11601,817777686764523521,2982
452,12817,817536400337801217,3396
453,0,817502432452313088,3803
454,37209,817423860136083457,16816
455,6105,817415592588222464,1079
456,0,817181837579653120,9548
457,9464,817171292965273600,2254
458,13168,817120970343411712,2933
459,9292,817056546584727552,1851
460,0,816829038950027264,5297
461,10843,816816676327063552,2287
462,10634,816697700272001025,2464
463,33202,816450570814898180,9094
464,9346,816336735214911488,2193
465,9689,816091915477250048,2414
466,0,816062466425819140,1176
467,0,816014286006976512,5960
468,5428,815990720817401858,1176
469,24431,815966073409433600,9548
470,0,815745968457060357,4633
471,10695,815736392542261248,2541
472,8932,815639385530101762,1846
473,11231,815390420867969024,4263
474,8302,814986499976527872,1451
475,12257,814638523311648768,3041
476,0,814578408554463233,6534
477,9422,814530161257443328,2082
478,31247,814153002265309185,9757
479,0,813944609378369540,3621
480,10098,813910438903693312,2113
481,39512,813812741911748608,15732
482,9073,813800681631023104,1979
483,20323,813217897535406080,8182
484,9973,813202720496779264,2020
485,21594,813187593374461952,4907
486,10160,813172488309972993,2163
487,8425,813157409116065792,2485
488,9145,813142292504645637,2648
489,4856,813130366689148928,497
490,12915,813127251579564032,3515
491,11243,813112105746448384,3099
492,11441,813096984823349248,4063
493,10743,813081950185472002,3111
494,8642,813066809284972545,2181
495,22782,813051746834595840,8221
496,8229,812781120811126785,2140
497,0,812747805718642688,7802
498,7209,812709060537683968,1607
499,6619,812503143955202048,1376
500,8706,812466873996607488,2165
501,14896,812372279581671427,4123
502,7916,811985624773361665,1582
503,8214,811744202451197953,1815
504,6069,811647686436880384,833
505,13951,811627233043480576,3521
506,22767,811386762094317568,7194
507,5812,810984652412424192,1608
508,9849,810896069567610880,2011
509,11935,810657578271330305,2965
510,38672,810284430598270976,12862
511,15993,810254108431155201,3775
512,16859,809920764300447744,4376
513,0,809808892968534016,5521
514,7543,809448704142938112,1655
515,21726,809220051211603969,6324
516,14389,809084759137812480,3945
517,11000,808838249661788160,3417
518,8603,808733504066486276,2436
519,12294,808501579447930884,2917
520,46301,808344865868283904,23338
521,0,808134635716833280,6711
522,9493,808106460588765185,2454
523,13703,808001312164028416,3965
524,15892,807621403335917568,4142
525,122823,807106840509214720,60995
526,0,807059379405148160,8264
527,14190,807010152071229440,4289
528,82025,806629075125202948,39361
529,0,806620845233815552,6208
530,5273,806576416489959424,2171
531,11125,806542213899489280,2669
532,0,806242860592926720,13166
533,6986,806219024703037440,1349
534,0,805958939288408065,6045
535,8998,805932879469572096,2136
536,7171,805826884734976000,2063
537,0,805823200554876929,9080
538,6248,805520635690676224,1863
539,9551,805487436403003392,2847
540,8478,805207613751304193,1910
541,14981,804738756058218496,4336
542,6711,804475857670639616,2268
543,0,804413760345620481,3617
544,48653,804026241225523202,18262
545,10963,803773340896923648,3114
546,0,803692223237865472,8365
547,11985,803638050916102144,4670
548,8452,803380650405482500,2091
549,0,803321560782307329,6013
550,10940,803276597545603072,2780
551,9840,802952499103731712,2259
552,0,802624713319034886,3292
553,7763,802600418706604034,1650
554,9752,802572683846291456,2823
555,17733,802323869084381190,6582
556,6910,802265048156610565,1526
557,9890,802239329049477120,2929
558,0,802185808107208704,303
559,8426,801958328846974976,1926
560,1917,801854953262350336,262
561,8938,801538201127157760,2317
562,6617,801285448605831168,935
563,26768,801167903437357056,6710
564,0,801127390143516673,4482
565,8808,801115127852503040,2352
566,754,800859414831898624,108
567,0,800855607700029440,1836
568,11447,800751577355128832,3120
569,14344,800513324630806528,3388
570,10306,800459316964663297,2418
571,0,800443802682937345,4878
572,12165,800388270626521089,3150
573,0,800188575492947969,4435
574,16708,800141422401830912,2887
575,31006,800018252395122689,14857
576,0,799774291445383169,5292
577,9176,799757965289017345,2433
578,8781,799422933579902976,2151
579,0,799308762079035393,6248
580,10822,799297110730567681,3129
581,8827,799063482566066176,2774
582,14381,798933969379225600,5052
583,8100,798925684722855936,1616
584,0,798705661114773508,7464
585,0,798701998996647937,8818
586,0,798697898615730177,7335
587,0,798694562394996736,5611
588,0,798686750113755136,2617
589,0,798682547630837760,5335
590,0,798673117451325440,6256
591,0,798665375516884993,4378
592,0,798644042770751489,2086
593,0,798628517273620480,2211
594,0,798585098161549313,6436
595,0,798576900688019456,6645
596,0,798340744599797760,3791
597,11320,798209839306514432,2870
598,12726,797971864723324932,3542
599,15852,797545162159308800,5464
600,21834,797236660651966464,7465
601,249,797165961484890113,31
602,0,796904159865868288,10051
603,8371,796865951799083009,2139
604,12961,796759840936919040,3446
605,0,796563435802726400,8250
606,8283,796484825502875648,1982
607,12041,796387464403357696,4695
608,0,796177847564038144,16141
609,35373,796149749086875649,16141
610,5407,796125600683540480,2012
611,9920,796116448414461957,2728
612,9230,796080075804475393,2605
613,11798,796031486298386433,4161
614,54446,795464331001561088,26848
615,11032,795400264262053889,3232
616,17730,795076730285391872,6111
617,0,794983741416415232,3807
618,11227,794926597468000259,2611
619,0,794355576146903043,11602
620,10440,794332329137291264,2979
621,10051,794205286408003585,3740
622,18401,793962221541933056,5521
623,10054,793845145112371200,2114
624,0,793614319594401792,3525
625,8710,793601777308463104,1844
626,11685,793500921481273345,2688
627,26911,793286476301799424,10364
628,9428,793271401113350145,2658
629,21828,793256262322548741,9378
630,11501,793241302385262592,3704
631,10738,793226087023144960,3223
632,9754,793210959003287553,3174
633,16684,793195938047070209,6335
634,7553,793180763617361921,2236
635,10267,793165685325201412,3134
636,6748,793150605191548928,1926
637,7052,793135492858580992,2795
638,13853,793120401413079041,4392
639,15681,792913359805018113,4527
640,12359,792883833364439040,4814
641,8029,792773781206999040,1892
642,14746,792394556390137856,4830
643,7842,792050063153438720,2022
644,0,791821351946420224,23680
645,0,791784077045166082,10899
646,0,791780927877898241,4276
647,49289,791774931465953280,25032
648,12829,791672322847637504,3525
649,14345,791406955684368384,4633
650,9597,791312159183634433,2858
651,0,791026214425268224,4652
652,10817,790987426131050500,2408
653,18142,790946055508652032,5297
654,0,790723298204217344,2615
655,8954,790698755171364864,2145
656,22594,790581949425475584,8066
657,8546,790337589677002753,2104
658,13714,790277117346975746,3621
659,0,790227638568808452,4036
660,10107,789986466051088384,2615
661,0,789960241177853952,4683
662,11366,789903600034189313,4660
663,8222,789628658055020548,2003
664,7407,789599242079838210,2179
665,12852,789530877013393408,3807
666,9406,789314372632018944,2596
667,0,789280767834746880,5580
668,9956,789268448748703744,2914
669,10609,789137962068021249,3140
670,29908,788908386943430656,13962
671,29962,788765914992902144,11602
672,0,788552643979468800,8145
673,17017,788412144018661376,5970
674,7902,788178268662984705,2390
675,6713,788150585577050112,1465
676,0,788070120937619456,3841
677,6708,788039637453406209,1493
678,9473,787810552592695296,3432
679,11147,787717603741622272,3126
680,11830,787397959788929025,3189
681,8512,787322443945877504,1968
682,0,787111942498508800,7543
683,28999,786963064373534720,9012
684,0,786729988674449408,2729
685,19849,786709082849828864,6837
686,11653,786664955043049472,2888
687,10264,786595970293370880,3493
688,11904,786363235746385920,3945
689,8708,786286427768250368,3225
690,16732,786233965241827333,5383
691,1567,786051337297522688,174
692,0,786036967502913536,7949
693,12402,785927819176054784,3546
694,7289,785872687017132033,2059
695,8523,785639753186217984,2487
696,9949,785533386513321988,2265
697,6653,785515384317313025,1421
698,7920,785264754247995392,1847
699,13203,785170936622350336,5469
700,11076,784826020293709826,3617
701,9788,784517518371221505,2853
702,6201,784431430411685888,1440
703,21949,784183165795655680,9080
704,32628,784057939640352768,12556
705,32810,783839966405230592,12162
706,8023,783821107061198850,2210
707,11374,783695101801398276,3615
708,9228,783466772167098368,2532
709,18420,783391753726550016,6205
710,0,783347506784731136,6310
711,31872,783334639985389568,13166
712,8869,783085703974514689,2491
713,26308,782969140009107456,8264
714,8127,782747134529531904,1566
715,18795,782722598790725632,6045
716,8482,782598640137187329,2108
717,18160,782305867769217024,6244
718,0,782021823840026624,7009
719,12086,781955203444699136,3777
720,11383,781661882474196992,3042
721,4365,781655249211752448,1255
722,22594,781524693396357120,6208
723,7774,781308096455073793,2860
724,9193,781251288990355457,2363
725,10626,781163403222056960,3056
726,23571,780931614150983680,8250
727,7823,780858289093574656,2236
728,6010,780800785462489090,1457
729,13168,780601303617732608,3734
730,6856,780543529827336192,1949
731,0,780496263422808064,4172
732,0,780476555013349377,132
733,5751,780459368902959104,1192
734,9480,780192070812196864,2513
735,0,780092040432480260,2579
736,13345,780074436359819264,5604
737,20712,779834332596887552,7949
738,9608,779377524342161408,3495
739,0,779124354206535695,20632
740,12842,779123168116150273,4089
741,16106,779056095788752897,5079
742,21787,778990705243029504,8174
743,0,778774459159379968,11163
744,933,778764940568104960,409
745,7509,778748913645780993,1497
746,6283,778650543019483137,1676
747,5058,778624900596654080,1134
748,14824,778408200802557953,4877
749,0,778396591732486144,13720
750,6355,778383385161035776,1229
751,11280,778286810187399168,3708
752,9206,778039087836069888,2958
753,7132,778027034220126208,1818
754,0,777953400541634568,3945
755,6902,777885040357281792,1838
756,12220,777684233540206592,3292
757,0,777641927919427584,4776
758,9519,777621514455814149,2795
759,15558,777189768882946048,4836
760,0,776819012571455488,15347
761,5302,776813020089548800,1354
762,9632,776477788987613185,3140
763,0,776249906839351296,10264
764,32612,776218204058357768,17866
765,10420,776201521193218049,2819
766,12760,776113305656188928,4878
767,1994,776088319444877312,171
768,0,775898661951791106,17313
769,12727,775842724423557120,3001
770,15039,775733305207554048,4482
771,14029,775729183532220416,5120
772,8073,775364825476165632,3343
773,11031,775350846108426240,4388
774,16884,775085132600442880,5292
775,9265,774757898236878852,1973
776,7290,774639387460112384,1948
777,23624,774314403806253056,6248
778,11654,773985732834758656,4344
779,6934,773922284943896577,1930
780,7148,773704687002451968,1832
781,5772,773670353721753600,1448
782,23936,773547596996571136,6893
783,0,773336787167145985,5704
784,25201,773308824254029826,8345
785,10183,773247561583001600,3580
786,10830,773191612633579521,4590
787,9324,772877495989305348,4339
788,8655,772826264096874500,2595
789,0,772615324260794368,3761
790,7017,772581559778025472,1891
791,6515,772193107915964416,1547
792,4094,772152991789019136,1257
793,4066,772117678702071809,816
794,2936,772114945936949249,526
795,4344,772102971039580160,1034
796,7122,771908950375665664,2114
797,13024,771770456517009408,3791
798,8960,771500966810099713,2919
799,11429,771380798096281600,5704
800,0,771171053431250945,8428
801,9973,771136648247640064,3256
802,6741,771102124360998913,1604
803,7452,771014301343748096,1841
804,0,771004394259247104,246
805,5372,770787852854652928,1366
806,5625,770772759874076672,1575
807,0,770743923962707968,50785
808,7938,770655142660169732,1943
809,6815,770414278348247044,2299
810,6758,770293558247038976,1661
811,0,770093767776997377,3392
812,8204,770069151037685760,2568
813,34101,769940425801170949,10765
814,6928,769695466921623552,1857
815,0,769335591808995329,8555
816,5849,769212283578875904,1915
817,15614,768970937022709760,7292
818,0,768909767477751808,3016
819,4551,768855141948723200,998
820,4465,768609597686943744,1346
821,5445,768596291618299904,1419
822,0,768554158521745409,6493
823,14726,768473857036525572,3818
824,11824,768193404517830656,3945
825,5146,767884188863397888,1568
826,17363,767754930266464257,6013
827,8090,767500508068192258,2597
828,13298,767191397493538821,4254
829,10945,767122157629476866,3174
830,0,766864461642756096,6309
831,5500,766793450729734144,1517
832,2807,766714921925144576,427
833,4367,766693177336135680,879
834,6519,766423258543644672,1769
835,7336,766313316352462849,2101
836,0,766078092750233600,2886
837,4632,766069199026450432,972
838,4042,766008592277377025,554
839,7820,765719909049503744,2394
840,5615,765669560888528897,1359
841,28504,765395769549590528,3770
842,7666,765371061932261376,2394
843,12579,765222098633691136,3761
844,6938,764857477905154048,1965
845,6549,764259802650378240,1695
846,796,763956972077010945,59
847,13662,763837565564780549,4652
848,5860,763183847194451968,1652
849,0,763167063695355904,3367
850,7962,763103485927849985,2529
851,13180,762699858130116608,4036
852,12218,762471784394268675,7246
853,11197,762464539388485633,4683
854,5221,762316489655476224,1255
855,34596,762035686371364864,17349
856,5848,761976711479193600,2240
857,0,761750502866649088,4386
858,4604,761745352076779520,950
859,53556,761672994376806400,32282
860,4465,761599872357261312,1305
861,0,761371037149827077,19894
862,5644,761334018830917632,1608
863,4832,761292947749015552,1225
864,5754,761227390836215808,1716
865,12181,761004547850530816,3841
866,4125,760893934457552897,1077
867,7134,760656994973933572,2135
868,5351,760641137271070720,1434
869,8199,760539183865880579,4027
870,4567,760521673607086080,1549
871,28944,760290219849637889,12739
872,4255,760252756032651264,956
873,6158,760190180481531904,2009
874,0,760153949710192640,37
875,6413,759943073749200896,2318
876,15873,759923798737051648,6309
877,7260,759846353224826880,2204
878,6443,759793422261743616,2118
879,0,759566828574212096,23490
880,5080,759557299618865152,1303
881,9191,759447681597108224,2729
882,1806,759446261539934208,544
883,6545,759197388317847553,2153
884,0,759159934323924993,1301
885,15701,759099523532779520,4648
886,7044,759047813560868866,2236
887,3829,758854675097526272,990
888,12067,758828659922702336,4241
889,6177,758740312047005698,1772
890,4122,758474966123810816,1096
891,5188,758467244762497024,2465
892,5611,758405701903519748,2127
893,3703,758355060040593408,1201
894,20758,758099635764359168,11163
895,2929,758041019896193024,417
896,7430,757741869644341248,3598
897,0,757729163776290825,9001
898,4890,757725642876129280,1352
899,4910,757611664640446465,1238
900,0,757597904299253760,322
901,4691,757596066325864448,1174
902,16361,757400162377592832,7557
903,6302,757393109802180609,1934
904,4876,757354760399941633,1578
905,6753,756998049151549440,2204
906,7176,756939218950160384,2221
907,5480,756651752796094464,1464
908,11236,756526248105566208,4006
909,4264,756303284449767430,1196
910,45907,756288534030475264,19365
911,6944,756275833623502848,1697
912,7918,755955933503782912,3191
913,17756,755206590534418437,5951
914,22897,755110668769038337,12259
915,0,754874841593970688,8882
916,7412,754856583969079297,2787
917,2779,754747087846248448,577
918,5718,754482103782404096,2150
919,4049,754449512966619136,816
920,8452,754120377874386944,2580
921,9492,754011816964026368,3982
922,6309,753655901052166144,2416
923,8535,753420520834629632,3948
924,6241,753398408988139520,2118
925,8208,753375668877008896,2579
926,0,753298634498793472,6397
927,3676,753294487569522689,1154
928,40030,753039830821511168,23176
929,4196,753026973505581056,1076
930,13620,752932432744185856,7543
931,7410,752917284578922496,1738
932,0,752701944171524096,3187
933,6478,752682090207055872,1786
934,4751,752660715232722944,1743
935,5987,752568224206688256,2526
936,7951,752519690950500352,3798
937,4119,752334515931054080,1218
938,0,752309394570878976,18430
939,6423,752173152931807232,2044
940,3316,751950017322246144,1026
941,5624,751937170840121344,1486
942,6256,751830394383790080,2164
943,6322,751793661361422336,3231
944,8509,751598357617971201,3343
945,4759,751583847268179968,1233
946,5425,751538714308972544,1401
947,3451,751456908746354688,1097
948,13486,751251247299190784,6492
949,6794,751205363882532864,2021
950,5483,751132876104687617,1440
951,5162,750868782890057730,1539
952,14237,750719632563142656,5580
953,4801,750506206503038976,1270
954,14198,750429297815552001,4776
955,4883,750383411068534784,1256
956,739,750381685133418496,35
957,3332,750147208377409536,1067
958,3908,750132105863102464,1397
959,4647,750117059602808832,1430
960,3275,750101899009982464,929
961,2337,750086836815486976,600
962,8444,750071704093859840,3687
963,3372,750056684286914561,981
964,3420,750041628174217216,684
965,2921,750026558547456000,871
966,3489,750011400160841729,1005
967,3258,749996283729883136,890
968,5504,749981277374128128,2705
969,5004,749774190421639168,1445
970,6566,749417653287129088,1842
971,2822,749403093750648834,602
972,9249,749395845976588288,3822
973,5902,749317047558017024,2444
974,6201,749075273010798592,2286
975,5155,749064354620928000,1672
976,3328,749036806121881602,860
977,11551,748977405889503236,3762
978,6295,748932637671223296,2483
979,2972,748705597323898880,1041
980,5094,748699167502000129,1766
981,4555,748692773788876800,1466
982,6529,748575535303884801,2199
983,2340,748568946752774144,739
984,5613,748346686624440324,1366
985,8256,748337862848962560,4549
986,3984,748324050481647620,843
987,3948,748307329658011649,788
988,15175,748220828303695873,8584
989,6236,747963614829678593,2376
990,7122,747933425676525569,2808
991,3169,747885874273214464,1093
992,3014,747844099428986880,822
993,5216,747816857231626240,1283
994,1481,747651430853525504,174
995,13846,747648653817413632,6433
996,2495,747600769478692864,601
997,3954,747594051852075008,1162
998,5964,747512671126323200,1742
999,4153,747461612269887489,1139
1000,5837,747439450712596480,2126
1001,0,747242308580548608,3173
1002,5667,747219827526344708,1737
1003,3631,747204161125646336,1008
1004,10289,747103485104099331,4410
1005,3093,746906459439529985,328
1006,6425,746872823977771008,2362
1007,5678,746818907684614144,1892
1008,5218,746790600704425984,1754
1009,10253,746757706116112384,4276
1010,6483,746726898085036033,1966
1011,5405,746542875601690625,2052
1012,0,746521445350707200,1082
1013,4974,746507379341139972,1187
1014,6486,746369468511756288,1811
1015,7391,746131877086527488,2420
1016,3800,746056683365994496,905
1017,4333,745789745784041472,1171
1018,7474,745712589599014916,2550
1019,7620,745433870967832576,2790
1020,9196,745422732645535745,2685
1021,7672,745314880350101504,3050
1022,8385,745074613265149952,3866
1023,7752,745057283344719872,2509
1024,3193,744995568523612160,692
1025,8426,744971049620602880,2955
1026,5992,744709971296780288,1706
1027,7235,744334592493166593,2354
1028,128067,744234799360020481,77223
1029,1821,744223424764059648,410
1030,4439,743980027717509120,1198
1031,3901,743895849529389061,1050
1032,0,743835915802583040,2300
1033,4798,743609206067040256,1511
1034,19755,743595368194129920,7205
1035,3766,743545585370791937,1030
1036,8459,743510151680958465,4053
1037,4519,743253157753532416,1328
1038,6629,743222593470234624,2092
1039,4109,743210557239623680,1498
1040,7549,742534281772302336,3887
1041,4749,742528092657332225,2180
1042,7760,742465774154047488,4245
1043,10538,742423170473463808,4172
1044,7266,742385895052087300,2178
1045,4638,742161199639494656,1508
1046,5505,742150209887731712,1710
1047,4865,741793263812808706,1654
1048,8741,741743634094141440,3028
1049,3927,741438259667034112,915
1050,9387,741303864243200000,3538
1051,10722,741099773336379392,6057
1052,10084,741067306818797568,3392
1053,6849,740995100998766593,3030
1054,3644,740711788199743490,1022
1055,3031,740699697422163968,853
1056,19390,740676976021798912,7464
1057,37121,740373189193256964,14592
1058,2647,740365076218183684,480
1059,3520,740359016048689152,936
1060,7148,740214038584557568,2156
1061,21331,739979191639244800,6493
1062,4329,739932936087216128,1180
1063,4043,739844404073074688,932
1064,4075,739623569819336705,1495
1065,5749,739606147276148736,1813
1066,42507,739544079319588864,23490
1067,7702,739485634323156992,3221
1068,73228,739238157791694849,50785
1069,115,738891149612572673,6
1070,4026,738885046782832640,1243
1071,3569,738883359779196928,889
1072,5437,738537504001953792,1710
1073,3499,738402415918125056,931
1074,4617,738184450748633089,1323
1075,9389,738166403467907072,3734
1076,2700,738156290900254721,722
1077,5628,737826014890496000,1932
1078,10669,737800304142471168,3785
1079,5392,737678689543020544,1465
1080,11019,737445876994609152,4877
1081,3850,737322739594330112,882
1082,15672,737310737551491075,8092
1083,4611,736736130620620800,1905
1084,18952,736392552031657984,8145
1085,4266,736365877722001409,1364
1086,8681,736225175608430592,3020
1087,8438,736010884653420544,3248
1088,3843,735991953473572864,1255
1089,4290,735648611367784448,1197
1090,6608,735635087207878657,2586
1091,13873,735274964362878976,5548
1092,3583,735256018284875776,965
1093,3338,735137028879360001,1055
1094,2918,734912297295085568,562
1095,13406,734787690684657664,6883
1096,2673,734776360183431168,589
1097,1597,734559631394082816,431
1098,3832,733828123016450049,849
1099,3914,733822306246479872,1101
1100,3355,733482008106668032,1037
1101,4484,733460102733135873,1402
1102,45322,733109485275860992,17313
1103,2598,732732193018155009,584
1104,3761,732726085725589504,964
1105,3936,732585889486888962,844
1106,8611,732375214819057664,2748
1107,15918,732005617171337216,5960
1108,3718,731285275100512256,1073
1109,4086,731156023742988288,1387
1110,6522,730924654643314689,2163
1111,5252,730573383004487680,2354
1112,3702,730427201120833536,1132
1113,4084,730211855403241472,1148
1114,5211,730196704625098752,2106
1115,4290,729854734790754305,1218
1116,1813,729838605770891264,418
1117,4251,729823566028484608,1349
1118,6190,729463711119904772,2509
1119,2009,729113531270991872,359
1120,3377,728986383096946689,891
1121,4973,728760639972315136,1848
1122,2977,728751179681943552,739
1123,3533,728653952833728512,1139
1124,5252,728409960103686147,2195
1125,3915,728387165835677696,1040
1126,4586,728046963732717569,1279
1127,4841,728035342121635841,1828
1128,4370,728015554473250816,1194
1129,3126,727685679342333952,695
1130,6288,727644517743104000,1907
1131,4766,727524757080539137,1338
1132,3530,727314416056803329,814
1133,3233,727286334147182592,895
1134,4118,727175381690781696,1491
1135,3871,727155742655025152,1442
1136,7332,726935089318363137,2664
1137,4082,726887082820554753,1641
1138,3782,726828223124897792,1098
1139,4703,726224900189511680,1265
1140,7504,725842289046749185,2886
1141,4428,725786712245440512,1481
1142,5520,725729321944506368,1941
1143,1502,725458796924002305,676
1144,3947,724983749226668032,1424
1145,2520,724771698126512129,698
1146,5648,724405726123311104,1795
1147,4610,724049859469295616,1924
1148,2835,724046343203856385,607
1149,4455,724004602748780546,1728
1150,4133,723912936180330496,1334
1151,8216,723688335806480385,3245
1152,3219,723673163800948736,970
1153,5642,723179728551723008,2047
1154,4379,722974582966214656,1712
1155,5272,722613351520608256,1784
1156,4959,721503162398597120,2046
1157,2686,721001180231503872,666
1158,3320,720785406564900865,841
1159,2635,720775346191278080,742
1160,4390,720415127506415616,1621
1161,6827,720389942216527872,2749
1162,3055,720340705894408192,1058
1163,4142,720059472081784833,1233
1164,5214,720043174954147842,2181
1165,5143,719991154352222208,1910
1166,4859,719704490224398336,1582
1167,5388,719551379208073216,2111
1168,2969,719367763014393856,802
1169,4687,719339463458033665,1356
1170,3627,719332531645071360,1038
1171,3709,718971898235854848,1199
1172,5575,718939241951195136,1915
1173,20157,718631497683582976,8818
1174,2605,718613305783398402,525
1175,2650,718540630683709445,1100
1176,2879,718460005985447936,581
1177,5188,718454725339934721,1637
1178,2048,718246886998687744,546
1179,4114,718234618122661888,1086
1180,2607,717841801130979328,649
1181,3082,717790033953034240,1226
1182,6129,717537687239008257,2003
1183,1704,717428917016076293,495
1184,3358,717421804990701568,919
1185,6659,717047459982213120,2072
1186,3477,717009362452090881,1066
1187,4542,716802964044845056,1273
1188,5875,716791146589110272,1513
1189,1306,716730379797970944,460
1190,13964,716447146686459905,6409
1191,2513,716439118184652801,238
1192,2960,716285507865542656,1184
1193,5199,716080869887381504,1895
1194,3401,715928423106027520,954
1195,3974,715758151270801409,1549
1196,4966,715733265223708672,1844
1197,2982,715704790270025728,614
1198,4157,715696743237730304,1406
1199,4600,715680795826982913,1767
1200,5821,715360349751484417,1709
1201,3210,715342466308784130,743
1202,2566,715220193576927233,712
1203,5452,715200624753819648,2050
1204,4434,715009755312439296,1345
1205,3997,714982300363173890,1125
1206,7834,714962719905021952,4655
1207,4400,714957620017307648,1547
1208,3476,714631576617938945,1089
1209,3851,714606013974974464,1014
1210,2887,714485234495041536,1266
1211,3198,714258258790387713,777
1212,3475,714251586676113411,916
1213,2413,714214115368108032,956
1214,4574,714141408463036416,1522
1215,3484,713919462244790272,847
1216,2033,713909862279876608,596
1217,3003,713900603437621249,810
1218,5190,713761197720473600,1496
1219,4697,713411074226274305,1404
1220,7660,713177543487135744,3090
1221,4751,713175907180089344,1579
1222,19810,712809025985978368,7335
1223,13174,712717840512598017,5446
1224,4430,712668654853337088,1324
1225,5662,712438159032893441,1701
1226,260,712309440758808576,25
1227,4042,712097430750289920,1129
1228,3132,712092745624633345,980
1229,3442,712085617388212225,528
1230,2413,712065007010385924,683
1231,0,711998809858043904,137
1232,8571,711968124745228288,2521
1233,3019,711743778164514816,1071
1234,9489,711732680602345472,4503
1235,34982,711694788429553666,19894
1236,4123,711652651650457602,999
1237,3892,711363825979756544,1239
1238,3523,711306686208872448,797
1239,3192,711008018775851008,683
1240,4848,710997087345876993,1513
1241,2714,710844581445812225,748
1242,2866,710833117892898816,586
1243,2456,710658690886586372,615
1244,5108,710609963652087808,2559
1245,4858,710588934686908417,2049
1246,2523,710296729921429505,800
1247,2269,710283270106132480,562
1248,4823,710272297844797440,1377
1249,2557,710269109699739648,1225
1250,3097,710153181850935296,972
1251,2951,710140971284037632,976
1252,5856,710117014656950272,2170
1253,3176,709918798883774466,1168
1254,715,709901256215666688,108
1255,3736,709852847387627521,1300
1256,3763,709566166965075968,1318
1257,3497,709556954897764353,1161
1258,1583,709519240576036864,263
1259,2367,709449600415961088,645
1260,2791,709409458133323776,759
1261,2549,709225125749587968,627
1262,13431,709207347839836162,6362
1263,2566,709198395643068416,697
1264,2145,709179584944730112,735
1265,2182,709158332880297985,453
1266,5075,709042156699303936,1792
1267,1908,708853462201716736,715
1268,3163,708845821941387268,979
1269,1814,708834316713893888,549
1270,17601,708810915978854401,7590
1271,2923,708738143638450176,887
1272,2722,708711088997666817,794
1273,2716,708479650088034305,739
1274,3279,708469915515297792,894
1275,17071,708400866336894977,11021
1276,3846,708356463048204288,1467
1277,2508,708349470027751425,805
1278,4554,708149363256774660,1684
1279,3612,708130923141795840,916
1280,2862,708119489313951744,1066
1281,2065,708109389455101952,589
1282,4650,708026248782585858,2099
1283,3314,707995814724026368,1222
1284,51,707983188426153984,2
1285,2874,707969809498152960,1056
1286,3496,707776935007539200,1032
1287,2650,707741517457260545,664
1288,4368,707738799544082433,2697
1289,3654,707693576495472641,1093
1290,2755,707629649552134146,957
1291,18093,707610948723478529,7009
1292,2432,707420581654872064,761
1293,2425,707411934438625280,652
1294,3744,707387676719185920,1426
1295,3510,707377100785885184,1176
1296,2629,707315916783140866,702
1297,2941,707297311098011648,874
1298,2745,707059547140169728,740
1299,2347,707038192327901184,874
1300,4330,707021089608753152,1499
1301,2454,707014260413456384,648
1302,15560,706904523814649856,8555
1303,2212,706901761596989440,660
1304,3541,706681918348251136,1057
1305,2748,706644897839910912,1194
1306,2298,706593038911545345,688
1307,3691,706538006853918722,1539
1308,3309,706516534877929472,1126
1309,3678,706346369204748288,1002
1310,22885,706310011488698368,8736
1311,1812,706291001778950144,511
1312,2906,706265994973601792,1000
1313,4180,706169069255446529,2432
1314,5495,706166467411222528,1760
1315,1597,706153300320784384,420
1316,3312,705975130514706432,805
1317,3360,705970349788291072,973
1318,2536,705898680587526145,619
1319,2084,705786532653883392,578
1320,3388,705591895322394625,1263
1321,3158,705475953783398401,1006
1322,4757,705442520700944385,1803
1323,4075,705428427625635840,1855
1324,3205,705239209544720384,818
1325,2758,705223444686888960,880
1326,2298,705102439679201280,564
1327,2322,705066031337840642,661
1328,4544,704871453724954624,1216
1329,2408,704859558691414016,598
1330,5454,704847917308362754,1679
1331,2828,704819833553219584,1100
1332,7093,704761120771465216,3173
1333,3139,704499785726889984,1090
1334,817,704491224099647488,92
1335,3631,704480331685040129,1155
1336,8593,704364645503647744,3881
1337,1686,704347321748819968,386
1338,1620,704134088924532736,509
1339,1986,704113298707505153,616
1340,3119,704054845121142784,999
1341,1971,703774238772166656,509
1342,3517,703769065844768768,1239
1343,2777,703631701117943808,752
1344,4126,703611486317502464,1662
1345,4064,703425003149250560,1508
1346,2633,703407252292673536,761
1347,3749,703382836347330562,1249
1348,2034,703356393781329922,422
1349,2107,703268521220972544,607
1350,7888,703079050210877440,3377
1351,28232,703041949650034688,13720
1352,2771,702932127499816960,790
1353,1728,702899151802126337,491
1354,3436,702684942141153280,1176
1355,2342,702671118226825216,612
1356,11056,702598099714314240,3585
1357,3071,702539513671897089,1051
1358,3421,702332542343577600,1698
1359,3511,702321140488925184,1129
1360,2647,702276748847800320,834
1361,5136,702217446468493312,1462
1362,3684,701981390485725185,1079
1363,4078,701952816642965504,1112
1364,3810,701889187134500865,1506
1365,3666,701805642395348998,1847
1366,2233,701601587219795968,502
1367,3009,701570477911896070,1022
1368,2833,701545186879471618,663
1369,13088,701214700881756160,5611
1370,2379,700890391244103680,628
1371,2773,700864154249383937,667
1372,2599,700847567345688576,544
1373,2604,700796979434098688,1045
1374,24447,700747788515020802,10264
1375,2816,700518061187723268,873
1376,2437,700505138482569216,624
1377,4437,700462010979500032,1969
1378,2834,700167517596164096,814
1379,2396,700151421916807169,725
1380,8069,700143752053182464,3016
1381,2823,700062718104104960,756
1382,2210,700029284593901568,635
1383,3534,700002074055016451,1469
1384,3259,699801817392291840,1053
1385,2403,699788877217865730,543
1386,2957,699779630832685056,1350
1387,2097,699775878809702401,667
1388,10961,699691744225525762,5014
1389,6347,699446877801091073,2853
1390,2320,699434518667751424,557
1391,1467,699423671849451520,362
1392,2201,699413908797464576,675
1393,2007,699370870310113280,478
1394,3374,699323444782047232,945
1395,2388,699088579889332224,688
1396,2614,699079609774645248,715
1397,3205,699072405256409088,1293
1398,4042,699060279947165696,1984
1399,2789,699036661657767936,1304
1400,3618,698989035503689728,1078
1401,2894,698953797952008193,982
1402,2719,698907974262222848,680
1403,2646,698710712454139905,751
1404,1554,698703483621523456,413
1405,1372,698635131305795584,373
1406,2478,698549713696649216,678
1407,1999,698355670425473025,492
1408,2428,698342080612007937,1040
1409,5076,698262614669991936,2194
1410,17946,698195409219559425,6534
1411,3006,698178924120031232,802
1412,1629,697995514407682048,363
1413,3513,697990423684476929,1412
1414,2570,697943111201378304,755
1415,3230,697881462549430272,1296
1416,1864,697630435728322560,589
1417,3369,697616773278015490,1101
1418,3236,697596423848730625,1375
1419,2186,697575480820686848,551
1420,2217,697516214579523584,1238
1421,2590,697482927769255936,740
1422,3650,697463031882764288,1508
1423,4989,697270446429966336,2029
1424,3518,697259378236399616,1086
1425,3230,697255105972801536,1269
1426,2694,697242256848379904,731
1427,3417,696900204696625153,1120
1428,2513,696894894812565505,738
1429,5171,696886256886657024,1957
1430,2615,696877980375769088,779
1431,1575,696754882863349760,388
1432,2224,696744641916489729,1031
1433,2545,696713835009417216,711
1434,4167,696518437233913856,1848
1435,1309,696490539101908992,162
1436,2719,696488710901260288,1131
1437,3434,696405997980676096,1244
1438,2070,696100768806522880,724
1439,3204,695816827381944320,1280
1440,3404,695794761660297217,852
1441,2003,695767669421768709,817
1442,4888,695629776980148225,2303
1443,4655,695446424020918272,1978
1444,9210,695409464418041856,3899
1445,3901,695314793360662529,1610
1446,2817,695095422348574720,673
1447,3039,695074328191332352,1206
1448,1718,695064344191721472,656
1449,2850,695051054296211456,863
1450,2890,694925794720792577,1004
1451,2963,694905863685980160,1025
1452,38130,694669722378485760,15802
1453,1610,694356675654983680,316
1454,2176,694352839993344000,678
1455,1687,694342028726001664,531
1456,2146,694329668942569472,546
1457,4483,694206574471057408,2230
1458,3149,694183373896572928,1014
1459,3622,694001791655137281,1131
1460,2002,693993230313091072,442
1461,1849,693942351086120961,404
1462,2879,693647888581312512,649
1463,1432,693644216740769793,142
1464,2720,693642232151285760,455
1465,2621,693629975228977152,876
1466,1648,693622659251335168,405
1467,5419,693590843962331137,2150
1468,1758,693582294167244802,280
1469,1894,693486665285931008,684
1470,3590,693280720173801472,1360
1471,2551,693267061318012928,899
1472,2389,693262851218264065,549
1473,3061,693231807727280129,801
1474,8444,693155686491000832,3505
1475,1838,693109034023534592,671
1476,2002,693095443459342336,505
1477,2857,692919143163629568,814
1478,2603,692905862751522816,961
1479,1917,692901601640583168,661
1480,2436,692894228850999298,883
1481,3074,692828166163931137,962
1482,7307,692752401762250755,3976
1483,4645,692568918515392513,1684
1484,3414,692535307825213440,1485
1485,1976,692530551048294401,457
1486,1578,692423280028966913,253
1487,10018,692417313023332352,3803
1488,2698,692187005137076224,900
1489,2308,692158366030913536,872
1490,1751,692142790915014657,429
1491,3638,692041934689402880,1391
1492,3062,692017291282812928,1048
1493,4218,691820333922455552,1802
1494,8698,691793053716221953,4600
1495,3090,691756958957883396,1121
1496,2074,691675652215414786,558
1497,2532,691483041324204033,625
1498,4344,691459709405118465,1252
1499,2836,691444869282295808,931
1500,20703,691416866452082688,8365
1501,2760,691321916024623104,721
1502,3173,691096613310316544,979
1503,1821,691090071332753408,371
1504,6331,690989312272396288,3150
1505,3820,690959652130045952,1378
1506,4424,690938899477221376,2183
1507,3518,690932576555528194,1116
1508,4036,690735892932222976,1403
1509,2320,690728923253055490,570
1510,2488,690690673629138944,866
1511,1396,690649993829576704,307
1512,309,690607260360429569,19
1513,2100,690597161306841088,657
1514,1997,690400367696297985,494
1515,3480,690374419777196032,946
1516,2848,690360449368465409,975
1517,1605,690348396616552449,558
1518,1804,690248561355657216,454
1519,2988,690021994562220032,1133
1520,2682,690015576308211712,807
1521,3913,690005060500217858,1851
1522,1525,689999384604450816,411
1523,1573,689993469801164801,502
1524,1459,689977555533848577,487
1525,2591,689905486972461056,759
1526,3226,689877686181715968,1301
1527,2314,689835978131935233,822
1528,3418,689661964914655233,1013
1529,11121,689659372465688576,4268
1530,2397,689623661272240129,716
1531,12447,689599056876867584,6050
1532,2203,689557536375177216,508
1533,3626,689517482558820352,1566
1534,2408,689289219123089408,1012
1535,3518,689283819090870273,1209
1536,2139,689280876073582592,788
1537,1237,689275259254616065,269
1538,2739,689255633275777024,1178
1539,3270,689154315265683456,1100
1540,2176,689143371370250240,566
1541,2920,688916208532455424,956
1542,2263,688908934925697024,847
1543,2247,688898160958271489,862
1544,2386,688894073864884227,768
1545,1472,688828561667567616,405
1546,1024,688804835492233216,215
1547,2371,688789766343622656,728
1548,2786,688547210804498433,770
1549,2465,688519176466644993,799
1550,9956,688385280030670848,4874
1551,2378,688211956440801280,917
1552,2264,688179443353796608,645
1553,3019,688116655151435777,860
1554,1832,688064179421470721,394
1555,5863,687841446767013888,2776
1556,2922,687826841265172480,1247
1557,2681,687818504314159109,1044
1558,2557,687807801670897665,766
1559,1884,687732144991551489,721
1560,2608,687704180304273409,927
1561,2076,687664829264453632,563
1562,2050,687494652870668288,630
1563,1712,687480748861947905,273
1564,2118,687476254459715584,591
1565,2185,687460506001633280,592
1566,2032,687399393394311168,686
1567,21520,687317306314240000,10051
1568,4655,687312378585812992,2089
1569,5845,687127927494963200,2515
1570,2317,687124485711986689,557
1571,6210,687109925361856513,2711
1572,2499,687102708889812993,1090
1573,2401,687096057537363968,669
1574,9215,686947101016735744,3478
1575,3763,686760001961103360,1507
1576,3719,686749460672679938,1603
1577,4444,686730991906516992,1312
1578,3000,686683045143953408,883
1579,3935,686618349602762752,1490
1580,2018,686606069955735556,592
1581,1882,686394059078897668,750
1582,3479,686386521809772549,972
1583,2368,686377065986265092,618
1584,2353,686358356425093120,750
1585,4278,686286779679375361,1829
1586,2362,686050296934563840,809
1587,1238,686035780142297088,133
1588,3336,686034024800862208,1283
1589,2643,686007916130873345,459
1590,1946,686003207160610816,702
1591,2262,685973236358713344,589
1592,1755,685943807276412928,672
1593,8064,685906723014619143,3193
1594,2169,685681090388975616,138
1595,2498,685667379192414208,632
1596,3474,685663452032069632,1604
1597,3134,685641971164143616,852
1598,35303,685547936038666240,17192
1599,3259,685532292383666176,1267
1600,10166,685325112850124800,4386
1601,2833,685321586178670592,711
1602,3578,685315239903100929,1183
1603,2213,685307451701334016,482
1604,3327,685268753634967552,1330
1605,2487,685198997565345792,735
1606,4378,685169283572338688,1565
1607,2453,684969860808454144,422
1608,7139,684959798585110529,3431
1609,3447,684940049151070208,1150
1610,3752,684926975086034944,520
1611,3744,684914660081053696,1606
1612,2006,684902183876321280,585
1613,2251,684880619965411328,909
1614,37581,684830982659280897,23680
1615,2906,684800227459624960,1089
1616,9566,684594889858887680,3878
1617,4408,684588130326986752,1546
1618,3218,684567543613382656,1356
1619,2832,684538444857667585,1058
1620,4135,684481074559381504,1283
1621,2112,684460069371654144,610
1622,8739,684241637099323392,3620
1623,1327,684225744407494656,232
1624,4114,684222868335505415,1519
1625,2322,684200372118904832,1132
1626,2049,684195085588783105,570
1627,3722,684188786104872960,1291
1628,2158,684177701129875456,737
1629,3183,684147889187209216,1641
1630,2129,684122891630342144,522
1631,4400,684097758874210310,1573
1632,4054,683857920510050305,1224
1633,2058,683852578183077888,385
1634,2807,683849932751646720,1077
1635,2802,683834909291606017,1212
1636,2981,683828599284170753,1159
1637,3581,683773439333797890,1486
1638,6967,683742671509258241,3657
1639,7880,683515932363329536,3187
1640,3385,683498322573824003,1052
1641,2814,683481228088049664,1088
1642,2607,683462770029932544,735
1643,4162,683449695444799489,1763
1644,8130,683391852557561860,2617
1645,3151,683357973142474752,1033
1646,3081,683142553609318400,1143
1647,3634,683111407806746624,1001
1648,2315,683098815881154561,717
1649,2126,683078886620553216,617
1650,2305,683030066213818368,803
1651,39636,682962037429899265,18357
1652,1890,682808988178739200,203
1653,2642,682788441537560576,1227
1654,1627,682750546109968385,479
1655,1409,682697186228989953,393
1656,3259,682662431982772225,1174
1657,2200,682638830361513985,658
1658,3660,682429480204398592,1272
1659,8104,682406705142087680,1941
1660,2384,682393905736888321,749
1661,1785,682389078323662849,511
1662,3293,682303737705140231,1095
1663,4459,682259524040966145,1341
1664,3474,682242692827447297,1300
1665,19617,682088079302213632,10899
1666,5302,682059653698686977,1859
1667,3434,682047327939461121,1063
1668,7032,682032003584274432,2212
1669,3369,682003177596559360,1673
1670,2958,681981167097122816,1131
1671,2636,681891461017812993,912
1672,13656,681694085539872773,4435
1673,1876,681679526984871937,488
1674,2822,681654059175129088,1019
1675,2039,681610798867845120,518
1676,3792,681579835668455424,1438
1677,15317,681523177663676416,6397
1678,1753,681340665377193984,303
1679,9921,681339448655802368,4447
1680,2840,681320187870711809,837
1681,4222,681302363064414209,2008
1682,3399,681297372102656000,1049
1683,3430,681281657291280384,1208
1684,1556,681261549936340994,300
1685,1599,681242418453299201,598
1686,2553,681231109724700672,528
1687,3959,681193455364796417,1633
1688,2589,680970795137544192,725
1689,4863,680959110691590145,2174
1690,3445,680940246314430465,1163
1691,2215,680934982542561280,483
1692,2553,680913438424612864,677
1693,1885,680889648562991104,401
1694,3680,680836378243002368,1462
1695,2315,680805554198020098,723
1696,2524,680801747103793152,904
1697,3053,680798457301471234,1144
1698,2811,680609293079592961,783
1699,3845,680583894916304897,1471
1700,4516,680497766108381184,2095
1701,1829,680494726643068929,528
1702,2703,680473011644985345,817
1703,1549,680440374763077632,552
1704,1554,680221482581123072,316
1705,3023,680206703334408192,1287
1706,2289,680191257256136705,558
1707,4160,680176173301628928,1706
1708,2466,680161097740095489,801
1709,3859,680145970311643136,1905
1710,2450,680130881361686529,1041
1711,2893,680115823365742593,999
1712,3804,680100725817409536,1498
1713,13645,680085611152338944,9738
1714,2740,680070545539371008,962
1715,17817,680055455951884288,7802
1716,2094,679877062409191424,705
1717,2316,679872969355714560,723
1718,2628,679862121895714818,684
1719,3065,679854723806179328,1354
1720,2532,679844490799091713,855
1721,38680,679828447187857408,15347
1722,3288,679777920601223168,1224
1723,2234,679736210798047232,876
1724,2310,679729593985699840,902
1725,1765,679722016581222400,517
1726,5073,679530280114372609,2272
1727,2825,679527802031484928,799
1728,3599,679511351870550016,1406
1729,3373,679503373272485890,1623
1730,2242,679475951516934144,702
1731,33908,679462823135686656,20632
1732,2536,679405845277462528,1320
1733,22927,679158373988876288,8882
1734,2952,679148763231985668,1125
1735,3161,679132435750195208,1272
1736,6357,679111216690831360,2804
1737,18227,679062614270468097,9001
1738,2406,679047485189439488,750
1739,3003,679001094530465792,1345
1740,2478,678991772295516161,1280
1741,1744,678969228704284672,503
1742,2740,678800283649069056,984
1743,3713,678798276842360832,1298
1744,2963,678774928607469569,1006
1745,3760,678767140346941444,1499
1746,1736,678764513869611008,524
1747,7613,678755239630127104,3627
1748,3990,678740035362037760,1863
1749,5921,678708137298427904,2663
1750,3058,678675843183484930,1628
1751,2181,678643457146150913,467
1752,4249,678446151570427904,1722
1753,5766,678424312106393600,2779
1754,4508,678410210315247616,1991
1755,61659,678399652199309312,30181
1756,1687,678396796259975168,457
1757,1984,678389028614488064,459
1758,2587,678380236862578688,987
1759,1833,678341075375947776,589
1760,1377,678334497360859136,292
1761,12209,678278586130948096,6627
1762,1682,678255464182861824,405
1763,2041,678023323247357953,424
1764,14599,678021115718029313,6938
1765,3619,677961670166224897,1827
1766,1431,677918531514703872,445
1767,5129,677895101218201600,2306
1768,3234,677716515794329600,1062
1769,3592,677700003327029250,1562
1770,1296,677698403548192770,348
1771,2623,677687604918272002,916
1772,3537,677673981332312066,1627
1773,2071,677662372920729601,1064
1774,1990,677644091929329666,866
1775,2268,677573743309385728,794
1776,1365,677565715327688705,496
1777,2577,677557565589463040,1266
1778,7343,677547928504967168,3948
1779,1125,677530072887205888,243
1780,3235,677335745548390400,1946
1781,1435,677334615166730240,321
1782,1151,677331501395156992,257
1783,3850,677328882937298944,1631
1784,1742,677314812125323265,586
1785,1317,677301033169788928,449
1786,2103,677269281705472000,766
1787,3743,677228873407442944,1775
1788,2887,677187300187611136,998
1789,2935,676975532580409345,1163
1790,2332,676957860086095872,880
1791,1375,676949632774234114,428
1792,2293,676948236477857792,948
1793,1798,676946864479084545,410
1794,2196,676942428000112642,828
1795,13451,676936541936185344,5335
1796,3139,676916996760600576,1943
1797,2376,676897532954456065,785
1798,2228,676864501615042560,780
1799,24418,676821958043033607,16957
1800,1907,676819651066732545,719
1801,1498,676811746707918848,457
1802,5267,676776431406465024,2179
1803,3057,676617503762681856,1067
1804,1150,676613908052996102,210
1805,1987,676606785097199616,477
1806,1233,676603393314578432,424
1807,4827,676593408224403456,2335
1808,974,676590572941893632,139
1809,2461,676588346097852417,864
1810,1270,676582956622721024,305
1811,2725,676575501977128964,1217
1812,1980,676533798876651520,604
1813,1594,676496375194980353,577
1814,12287,676470639084101634,5061
1815,1815,676440007570247681,725
1816,1470,676430933382295552,373
1817,2183,676263575653122048,591
1818,1287,676237365392908289,320
1819,79037,676219687039057920,33649
1820,1827,676215927814406144,636
1821,2396,676191832485810177,1110
1822,2019,676146341966438401,723
1823,2258,676121918416756736,1259
1824,2956,676101918813499392,1248
1825,3176,676098748976615425,1559
1826,1382,676089483918516224,462
1827,1722,675898130735476737,625
1828,2241,675891555769696257,944
1829,2509,675888385639251968,1036
1830,4404,675878199931371520,1520
1831,1730,675870721063669760,610
1832,2835,675853064436391936,1405
1833,990,675849018447167488,165
1834,2400,675845657354215424,963
1835,1604,675822767435051008,573
1836,1102,675820929667219457,247
1837,10796,675798442703122432,3651
1838,1698,675781562965868544,511
1839,1219,675740360753160193,373
1840,1990,675710890956750848,898
1841,2091,675707330206547968,745
1842,676,675706639471788032,103
1843,1898,675534494439489536,451
1844,1237,675531475945709568,414
1845,1087,675522403582218240,307
1846,1376,675517828909424640,491
1847,18011,675501075957489664,6256
1848,3296,675497103322386432,1395
1849,1361,675489971617296384,639
1850,1937,675483430902214656,1043
1851,1593,675432746517426176,610
1852,1795,675372240448454658,545
1853,1100,675362609739206656,247
1854,34389,675354435921575936,18430
1855,4124,675349384339542016,2431
1856,2919,675334060156301312,1387
1857,3790,675166823650848770,1737
1858,6601,675153376133427200,2798
1859,3912,675149409102012420,1806
1860,990,675147105808306176,258
1861,1249,675146535592706048,335
1862,2236,675145476954566656,965
1863,1359,675135153782571009,528
1864,2047,675113801096802304,839
1865,1006,675111688094527488,270
1866,2920,675109292475830276,1213
1867,1107,675047298674663426,353
1868,2835,675015141583413248,1284
1869,1023,675006312288268288,242
1870,1620,675003128568291329,504
1871,2356,674999807681908736,1185
1872,901,674805413498527744,379
1873,3141,674800520222154752,923
1874,2621,674793399141146624,1171
1875,1150,674790488185167872,271
1876,845,674788554665512960,222
1877,2099,674781762103414784,1294
1878,1184,674774481756377088,510
1879,1917,674767892831932416,856
1880,822,674764817387900928,256
1881,1421,674754018082705410,479
1882,1533,674752233200820224,498
1883,1466,674743008475090944,585
1884,513,674742531037511680,54
1885,1170,674739953134403584,422
1886,672,674737130913071104,99
1887,1196,674690135443775488,499
1888,1684,674670581682434048,696
1889,959,674664755118911488,271
1890,1495,674646392044941312,535
1891,1073,674644256330530816,294
1892,1746,674638615994089473,622
1893,1562,674632714662858753,614
1894,980,674606911342424069,107
1895,6487,674468880899788800,2203
1896,1107,674447403907457024,382
1897,1162,674436901579923456,419
1898,1485,674422304705744896,565
1899,708,674416750885273600,148
1900,1248,674410619106390016,499
1901,1558,674394782723014656,612
1902,884,674372068062928900,329
1903,581,674330906434379776,77
1904,1472,674318007229923329,551
1905,11823,674307341513269249,7397
1906,15402,674291837063053312,6310
1907,1632,674271431610523648,774
1908,931,674269164442398721,243
1909,1702,674265582246694913,899
1910,1350,674262580978937856,488
1911,1525,674255168825880576,599
1912,780,674082852460433408,181
1913,1016,674075285688614912,305
1914,6626,674063288070742018,2373
1915,3469,674053186244734976,1391
1916,1509,674051556661161984,512
1917,1470,674045139690631169,684
1918,748,674042553264685056,136
1919,1142,674038233588723717,436
1920,874,674036086168010753,233
1921,1866,674024893172875264,1305
1922,1176,674019345211760640,320
1923,1632,674014384960745472,689
1924,1245,674008982932058114,373
1925,2028,673956914389192708,1028
1926,1211,673919437611909120,387
1927,3319,673906403526995968,1734
1928,970,673887867907739649,267
1929,3202,673716320723169284,812
1930,3696,673715861853720576,2226
1931,1079,673711475735838725,317
1932,880,673709992831262724,293
1933,1115,673708611235921920,308
1934,1141,673707060090052608,416
1935,1304,673705679337693185,419
1936,1489,673700254269775872,606
1937,3953,673697980713705472,2085
1938,1810,673689733134946305,689
1939,1312,673688752737402881,524
1940,1500,673686845050527744,463
1941,1420,673680198160809984,496
1942,1297,673662677122719744,383
1943,744,673656262056419329,257
1944,1163,673636718965334016,394
1945,1649,673612854080196609,770
1946,1232,673583129559498752,391
1947,859,673580926094458881,282
1948,1432,673576835670777856,594
1949,1057,673363615379013632,328
1950,1509,673359818736984064,711
1951,1547,673355879178194945,623
1952,1710,673352124999274496,573
1953,759,673350198937153538,223
1954,2617,673345638550134785,1367
1955,1007,673343217010679808,282
1956,1316,673342308415348736,629
1957,14027,673320132811366400,8428
1958,896,673317986296586240,280
1959,7814,673295268553605120,3367
1960,1102,673270968295534593,393
1961,1471,673240798075449344,771
1962,2339,673213039743795200,897
1963,1767,673148804208660480,666
1964,2034,672997845381865473,761
1965,990,672995267319328768,314
1966,1007,672988786805112832,305
1967,1292,672984142909456390,572
1968,1872,672980819271634944,1052
1969,1748,672975131468300288,970
1970,993,672970152493887488,375
1971,1364,672968025906282496,580
1972,1476,672964561327235073,678
1973,1415,672902681409806336,532
1974,922,672898206762672129,443
1975,1611,672884426393653248,877
1976,1065,672877615439593473,391
1977,1363,672834301050937345,606
1978,1301,672828477930868736,516
1979,1009,672640509974827008,340
1980,1343,672622327801233409,520
1981,1270,672614745925664768,620
1982,1152,672609152938721280,409
1983,1153,672604026190569472,430
1984,1375,672594978741354496,638
1985,985,672591762242805761,349
1986,754,672591271085670400,197
1987,1064,672538107540070400,392
1988,672,672523490734551040,181
1989,1152,672488522314567680,462
1990,1176,672482722825261057,638
1991,736,672481316919734272,128
1992,1489,672475084225949696,739
1993,1406,672466075045466113,570
1994,6690,672272411274932228,3578
1995,1550,672267570918129665,645
1996,1188,672264251789176834,359
1997,2914,672256522047614977,1647
1998,1478,672254177670729728,779
1999,1789,672248013293752320,637
2000,711,672245253877968896,164
2001,926,672239279297454080,335
2002,1909,672231046314901505,1060
2003,813,672222792075620352,223
2004,2336,672205392827572224,1218
2005,1052,672169685991993344,391
2006,902,672160042234327040,381
2007,1814,672139350159835138,764
2008,2496,672125275208069120,1207
2009,1030,672095186491711488,386
2010,976,672082170312290304,386
2011,1345,672068090318987265,543
2012,8774,671896809300709376,4378
2013,1374,671891728106971137,594
2014,3593,671882082306625538,1451
2015,1474,671879137494245376,727
2016,1293,671874878652489728,582
2017,1165,671866342182637568,525
2018,949,671855973984772097,478
2019,7318,671789708968640512,3679
2020,1238,671768281401958400,552
2021,1745,671763349865160704,975
2022,1396,671744970634719232,813
2023,766,671743150407421952,240
2024,1497,671735591348891648,790
2025,8857,671729906628341761,4610
2026,13333,671561002136281088,7654
2027,947,671550332464455680,219
2028,1405,671547767500775424,630
2029,2069,671544874165002241,1107
2030,1130,671542985629241344,596
2031,959,671538301157904385,416
2032,1223,671536543010570240,430
2033,1066,671533943490011136,609
2034,871,671528761649688577,272
2035,1449,671520732782923777,560
2036,980,671518598289059840,306
2037,1671,671511350426865664,768
2038,7301,671504605491109889,3729
2039,955,671497587707535361,472
2040,1046,671488513339211776,494
2041,604,671486386088865792,215
2042,788,671485057807351808,243
2043,1465,671390180817915904,778
2044,1159,671362598324076544,309
2045,415,671357843010908160,155
2046,495,671355857343524864,118
2047,1006,671347597085433856,457
2048,762,671186162933985280,227
2049,1159,671182547775299584,361
2050,903,671166507850801152,374
2051,1722,671163268581498880,1172
2052,387,671159727754231808,86
2053,746,671154572044468225,228
2054,695,671151324042559489,161
2055,695,671147085991960577,241
2056,1209,671141549288370177,689
2057,963,671138694582165504,425
2058,773,671134062904504320,204
2059,3629,671122204919246848,2672
2060,1404,671115716440031232,812
2061,1189,671109016219725825,460
2062,1146,670995969505435648,306
2063,25458,670842764863651840,9270
2064,617,670840546554966016,206
2065,1155,670838202509447168,733
2066,461,670833812859932673,132
2067,761,670832455012716544,231
2068,5776,670826280409919488,4305
2069,804,670823764196741120,201
2070,632,670822709593571328,102
2071,3297,670815497391357952,1638
2072,1169,670811965569282048,283
2073,1187,670807719151067136,519
2074,2043,670804601705242624,1002
2075,351,670803562457407488,92
2076,755,670797304698376195,248
2077,864,670792680469889025,292
2078,687,670789397210615808,252
2079,625,670786190031921152,213
2080,847,670783437142401025,418
2081,1631,670782429121134593,824
2082,805,670780561024270336,301
2083,339,670778058496974848,76
2084,1111,670764103623966721,448
2085,463,670755717859713024,120
2086,993,670733412878163972,536
2087,863,670727704916926465,387
2088,1262,670717338665226240,522
2089,788,670704688707301377,390
2090,608,670691627984359425,255
2091,775,670679630144274432,307
2092,260,670676092097810432,45
2093,11128,670668383499735048,5328
2094,1584,670474236058800128,809
2095,363,670468609693655041,89
2096,1005,670465786746662913,585
2097,566,670452855871037440,219
2098,1232,670449342516494336,708
2099,6947,670444955656130560,2086
2100,674,670442337873600512,206
2101,1091,670435821946826752,553
2102,1455,670434127938719744,684
2103,334,670433248821026816,120
2104,1440,670428280563085312,673
2105,537,670427002554466305,174
2106,1362,670421925039075328,676
2107,654,670420569653809152,331
2108,587,670417414769758208,340
2109,2119,670411370698022913,954
2110,576,670408998013820928,235
2111,448,670403879788544000,165
2112,580,670385711116361728,226
2113,764,670374371102445568,283
2114,337,670361874861563904,70
2115,442,670338931251150849,118
2116,3994,670319130621435904,1301
2117,440,670303360680108032,143
2118,734,670290420111441920,299
2119,1071,670093938074779648,356
2120,724,670086499208155136,265
2121,2312,670079681849372674,1331
2122,1624,670073503555706880,836
2123,655,670069087419133954,257
2124,791,670061506722140161,365
2125,693,670055038660800512,349
2126,671,670046952931721218,187
2127,780,670040295598354432,117
2128,609,670037189829525505,296
2129,344,670003130994700288,97
2130,337,669993076832759809,88
2131,460,669972011175813120,170
2132,312,669970042633789440,64
2133,526,669942763794931712,177
2134,389,669926384437997569,111
2135,243,669923323644657664,61
2136,839,669753178989142016,425
2137,283,669749430875258880,68
2138,541,669684865554620416,93
2139,406,669683899023405056,116
2140,365,669682095984410625,139
2141,692,669680153564442624,303
2142,833,669661792646373376,461
2143,3664,669625907762618368,1906
2144,982,669603084620980224,390
2145,530,669597912108789760,160
2146,1546,669583744538451968,987
2147,450,669573570759163904,152
2148,1642,669571471778410496,1057
2149,242,669567591774625800,60
2150,397,669564461267722241,130
2151,376,669393256313184256,81
2152,1386,669375718304980992,763
2153,513,669371483794317312,188
2154,474,669367896104181761,166
2155,647,669363888236994561,242
2156,381,669359674819481600,131
2157,2804,669354382627049472,1338
2158,669,669353438988365824,268
2159,457,669351434509529089,198
2160,1043,669328503091937280,439
2161,595,669327207240699904,121
2162,513,669324657376567296,216
2163,934,669216679721873412,405
2164,458,669214165781868544,178
2165,1045,669203728096960512,503
2166,678,669037058363662336,327
2167,765,669015743032369152,391
2168,595,669006782128353280,263
2169,21607,669000397445533696,6708
2170,456,668994913074286592,247
2171,772,668992363537309700,367
2172,705,668989615043424256,344
2173,933,668988183816871936,499
2174,572,668986018524233728,176
2175,560,668981893510119424,325
2176,820,668979806671884288,372
2177,1358,668975677807423489,616
2178,152,668967877119254528,25
2179,733,668960084974809088,250
2180,291,668955713004314625,74
2181,278,668932921458302977,60
2182,330,668902994700836864,106
2183,412,668892474547511297,160
2184,548,668872652652679168,313
2185,470,668852170888998912,174
2186,454,668826086256599040,147
2187,592,668815180734689280,285
2188,729,668779399630725120,395
2189,549,668655139528511488,229
2190,932,668645506898350081,569
2191,920,668643542311546881,559
2192,1120,668641109086707712,561
2193,1083,668636665813057536,510
2194,2925,668633411083464705,1740
2195,744,668631377374486528,338
2196,331,668627278264475648,121
2197,408,668625577880875008,140
2198,1506,668623201287675904,825
2199,215,668620235289837568,45
2200,633,668614819948453888,332
2201,1726,668587383441514497,1142
2202,254,668567822092664832,61
2203,542,668544745690562560,239
2204,481,668542336805281792,226
2205,258,668537837512433665,78
2206,482,668528771708952576,236
2207,337,668507509523615744,113
2208,426,668496999348633600,139
2209,441,668484198282485761,248
2210,478,668480044826800133,155
2211,916,668466899341221888,543
2212,639,668297328638447616,313
2213,258,668291999406125056,34
2214,521,668286279830867968,143
2215,852,668274247790391296,241
2216,572,668268907921326080,251
2217,1351,668256321989451776,650
2218,1025,668248472370458624,511
2219,6423,668237644992782336,2987
2220,315,668226093875376128,110
2221,524,668221241640230912,209
2222,568,668204964695683073,203
2223,670,668190681446379520,204
2224,506,668171859951755264,202
2225,511,668154635664932864,330
2226,579,668142349051129856,301
2227,686,668113020489474048,256
2228,1317,667937095915278337,833
2229,309,667924896115245057,116
2230,217,667915453470232577,58
2231,509,667911425562669056,317
2232,872,667902449697558528,390
2233,1956,667886921285246976,1147
2234,844,667885044254572545,508
2235,403,667878741721415682,124
2236,649,667873844930215936,427
2237,3096,667866724293877760,1082
2238,250,667861340749471744,81
2239,294,667832474953625600,65
2240,1089,667806454573760512,522
2241,338,667801013445750784,98
2242,718,667793409583771648,343
2243,421,667782464991965184,253
2244,240,667773195014021121,59
2245,458,667766675769573376,228
2246,384,667728196545200128,157
2247,501,667724302356258817,332
2248,0,667550904950915073,35
2249,0,667550882905632768,33
2250,5966,667549055577362432,2389
2251,340,667546741521195010,130
2252,890,667544320556335104,547
2253,209,667538891197542400,69
2254,842,667534815156183040,559
2255,487,667530908589760512,253
2256,1748,667524857454854144,1162
2257,377,667517642048163840,198
2258,6965,667509364010450944,2211
2259,544,667502640335572993,227
2260,540,667495797102141441,286
2261,547,667491009379606528,236
2262,264,667470559035432960,101
2263,195,667455448082227200,65
2264,319,667453023279554560,93
2265,804,667443425659232256,604
2266,459,667437278097252352,248
2267,310,667435689202614272,85
2268,475,667405339315146752,225
2269,198,667393430834667520,58
2270,373,667369227918143488,168
2271,500,667211855547486208,250
2272,627,667200525029539841,271
2273,397,667192066997374976,109
2274,762,667188689915760640,430
2275,14707,667182792070062081,6436
2276,192,667177989038297088,57
2277,624,667176164155375616,473
2278,254,667174963120574464,86
2279,226,667171260800061440,94
2280,2747,667165590075940865,1186
2281,262,667160273090932737,65
2282,48930,667152164079423490,17746
2283,4728,667138269671505920,2300
2284,333,667119796878725120,131
2285,338,667090893657276420,130
2286,411,667073648344346624,126
2287,85,667070482143944705,14
2288,168,667065535570550784,49
2289,220,667062181243039745,56
2290,188,667044094246576128,51
2291,454,667012601033924608,233
2292,246,666996132027977728,97
2293,2602,666983947667116034,1013
2294,834,666837028449972224,567
2295,219,666835007768551424,80
2296,257,666826780179869698,98
2297,528,666817836334096384,258
2298,244,666804364988780544,94
2299,774,666786068205871104,497
2300,393,666781792255496192,203
2301,359,666776908487630848,178
2302,239,666739327293083650,66
2303,436,666701168228331520,223
2304,189,666691418707132416,48
2305,893,666649482315059201,590
2306,232,666644823164719104,85
2307,526,666454714377183233,212
2308,105,666447344410484738,21
2309,128,666437273139982337,49
2310,168,666435652385423360,54
2311,320,666430724426358785,199
2312,166,666428276349472768,84
2313,319,666421158376562688,112
2314,127,666418789513326592,47
2315,450,666411507551481857,328
2316,110,666407126856765440,41
2317,167,666396247373291520,86
2318,189,666373753744588802,93
2319,781,666362758909284353,574
2320,219,666353288456101888,73
2321,299,666345417576210432,139
2322,199,666337882303524864,92
2323,507,666293911632134144,357
2324,148,666287406224695296,67
2325,175,666273097616637952,76
2326,104,666268910803644416,35
2327,14376,666104133288665088,6645
2328,80,666102155909144576,13
2329,157,666099513787052032,68
2330,163,666094000022159362,75
2331,118,666082916733198337,45
2332,322,666073100786774016,165
2333,148,666071193221509120,62
2334,477,666063827256086533,221
2335,112,666058600524156928,57
2336,297,666057090499244032,142
2337,436,666055525042405380,254
2338,1225,666051853826850816,853
2339,132,666050758794694657,58
2340,109,666049248165822465,41
2341,299,666044226329800704,141
2342,125,666033412701032449,45
2343,129,666029285002620928,47
2344,2564,666020888022790149,518
2345,19873,888554962724278272,3603
2346,34736,874012996292530176,10596
2347,36976,870063196459192321,8530
2348,32720,867051520902168576,8108
2349,76295,862096992088072192,24238
2350,26559,845677943972139009,5195
2351,22781,843235543001513987,6601
2352,17097,837110210464448512,2636
2353,17109,827324948884643840,3400
2354,6910,802265048156610565,1526
2355,11031,775350846108426240,4388
